Država;Redni broj biraèkog mjesta;Ukupno biraèa;Glasovalo ukupno;Glasovalo (prema listiæimma);Listiæi važeæi;Listiæi nevažeæi;ABECEDA DEMOKRACIJE - ABECEDA, Nositelj liste: MIRKO MAKAUS                                        ;AKCIJA MLADIH - AM, Nositelj liste: MARIO ALEMPIJEVIÆ, dipl.oec.                                                    ;ALIJANSA ZA PRAVNU DRŽAVU - ALIJANSA, Nositelj liste: RADOVAN SMOKVINA, dipl.ing.;AUTOHTONA-HRVATSKA SELJAÈKA STRANKA - A-HSS, Nositelj liste: JASENKO STIPAC, dipl.ing.                         ;DEMOKRATSKA STRANKA ŽENA - DSŽ, ZELENI HRVATSKE - ZELENI HR, Nositelj liste: MARIJA JELINÈIÆ;HRVATSKA DEMOKRATSKA ZAJEDNICA - HDZ, Nositelj liste: dr.sc. IVO SANADER                                 ;HRVATSKA KRŠÆANSKA DEMOKRATSKA UNIJA - HKDU, Nositelj liste: IVAN LESINGER;HRVATSKA NARODNA STRANKA-LIBERALNI DEMOKRATI - HNS, Nositelj liste: RADIMIR ÈAÈIÆ                    ;HRVATSKA STRANKA MLADIH - HSM, Nositelj liste: NENAD PETROVIÆ                                       ;HRVATSKA STRANKA NEZAPOSLENIH - HSN, Nositelj liste: ANTO ANUŠIÆ                                 ;HRVATSKA STRANKA PRAVA - HSP, Nositelj liste: ANTO ÐAPIÆ;HRVATSKA STRANKA UMIROVLJENIKA - HSU, Nositelj liste: SILVANO HRELJA                    ;HRVATSKI DEMOKRŠÆANI - DEMOKRŠÆANI, Nositelj liste: SREÆKO BUTORAC, dr.med.                    ;HRVATSKI PRAVAŠI-HRVATSKI PRAVAŠKI POKRET - HP-HPP, Nositelj liste: ANDRIJA ŠKRIBULJA, prof.;HRVATSKI ZBOR - ZBOR, Nositelj liste: GRGO-TOMISLAV ANTIÈIÆ                                        ;ISTARSKA SOCIJALDEMOKRATSKA NEZAVISNA STRANKA - ISDNS, STRANKA UMIROVLJENIKA - SU, Nositelj liste: mr.sc. IVAN JANKO;ISTARSKI DEMOKRATSKI SABOR - IDS, Nositelj liste: DAMIR KAJIN                    ;JEDINO HRVATSKA-POKRET ZA HRVATSKU - JEDINO HRVATSKA, Nositelj liste: VLADIMIR BRKLJAÈA;LJEVICA HRVATSKE - LJEVICA, ISTARSKI SOCIJALDEMOKRATSKI FORUM-FORO SOCIAL DEMOCRATICO ISTRIANO - ISDF-FSDI, SOCIJALISTIÈKA RADNIÈKA PARTIJA HRVATSKE - SRP, HRVATSKI SOCIJALDEMOKRATI - HSD, Nositelj liste: VLADIMIR BEBIÆ, dipl. politolog;PRIMORSKO GORANSKI SAVEZ - PGS, HRVATSKA SELJAÈKA STRANKA - HSS, HRVATSKA SOCIJALNO LIBERALNA STRANKA - HSLS, Nositelj liste: NIKOLA IVANIŠ;SOCIJALDEMOKRATSKA PARTIJA HRVATSKE - SDP, Nositelj liste: ZORAN MILANOVIÆ;ZELENA ALTERNATIVA-STRANKA POTROŠAÈA - ZA-SPOT, Nositelj liste: PETAR CIGANOVIÆ                                 ;ZELENA STRANKA - ZS, AKCIJA SOCIJALDEMOKRATA HRVATSKE - ASH, HRVATSKA RADNIÈKA STRANKA - HRS, JADRANSKA SOCIJALDEMOKRATSKA STRANKA HRVATSKE - JADRANSKI SOCIJALDEMOKRATI, Nositelj liste: ALJOŠA BABIÆ                                 ;ZELENA STRANKA-ZELENA ALTERNATIVA - ZELENI, DEMOKRATSKI CENTAR - DC, Nositelj liste: mr.sc. JOSIP-ANTON RUPNIK;;;
;;;;;;;1;2;3;4;5;6;7;8;9;10;11;12;13;14;15;16;17;18;19;20;21;22;23;24;;;
;;;;;;;;;;;;;;;;;;;;;;;;;;;;;;;;;
AFGANISTAN;1;;1;1;1;0;0;0;0;0;0;1;0;0;0;0;0;0;0;0;0;0;0;0;0;0;0;0;0;0;;;
AFGANISTAN;2;;1;1;1;0;0;0;0;0;0;1;0;0;0;0;0;0;0;0;0;0;0;0;0;0;0;0;0;0;;;
ALBANIJA;1;;3;3;3;0;0;0;0;0;0;0;0;0;0;0;0;0;0;0;0;0;0;0;0;0;3;0;0;0;;;
ALŽIR;1;;0;0;0;0;0;0;0;0;0;0;0;0;0;0;0;0;0;0;0;0;0;0;0;0;0;0;0;0;;;
ARGENTINA;1;;5;5;5;0;0;0;0;0;0;4;0;0;0;0;0;0;0;0;0;1;0;0;0;0;0;0;0;0;;;
ARGENTINA;2;;0;0;0;0;0;0;0;0;0;0;0;0;0;0;0;0;0;0;0;0;0;0;0;0;0;0;0;0;;;
AUSTRALIJA;1;;5;5;5;0;0;0;0;0;0;5;0;0;0;0;0;0;0;0;0;0;0;0;0;0;0;0;0;0;;;
AUSTRALIJA;2;;5;5;5;0;0;0;0;0;0;2;1;0;0;0;2;0;0;0;0;0;0;0;0;0;0;0;0;0;;;
AUSTRALIJA;3;;0;0;0;0;0;0;0;0;0;0;0;0;0;0;0;0;0;0;0;0;0;0;0;0;0;0;0;0;;;
AUSTRALIJA;4;;0;0;0;0;0;0;0;0;0;0;0;0;0;0;0;0;0;0;0;0;0;0;0;0;0;0;0;0;;;
AUSTRALIJA;5;;2;2;2;0;0;0;0;0;0;2;0;0;0;0;0;0;0;0;0;0;0;0;0;0;0;0;0;0;;;
AUSTRALIJA;6;;0;0;0;0;0;0;0;0;0;0;0;0;0;0;0;0;0;0;0;0;0;0;0;0;0;0;0;0;;;
AUSTRALIJA;7;;2;2;2;0;0;0;0;0;0;1;0;1;0;0;0;0;0;0;0;0;0;0;0;0;0;0;0;0;;;
AUSTRALIJA;8;;0;0;0;0;0;0;0;0;0;0;0;0;0;0;0;0;0;0;0;0;0;0;0;0;0;0;0;0;;;
AUSTRALIJA;9;;8;8;8;0;0;0;0;0;0;8;0;0;0;0;0;0;0;0;0;0;0;0;0;0;0;0;0;0;;;
AUSTRALIJA;10;;0;0;0;0;0;0;0;0;0;0;0;0;0;0;0;0;0;0;0;0;0;0;0;0;0;0;0;0;;;
AUSTRALIJA;11;;3;3;3;0;0;0;0;0;0;3;0;0;0;0;0;0;0;0;0;0;0;0;0;0;0;0;0;0;;;
AUSTRALIJA;12;;0;0;0;0;0;0;0;0;0;0;0;0;0;0;0;0;0;0;0;0;0;0;0;0;0;0;0;0;;;
AUSTRIJA;1;;15;15;15;0;0;0;0;0;0;9;1;2;0;0;0;0;0;0;0;0;0;0;0;0;3;0;0;0;;;
AUSTRIJA;2;;32;32;32;0;0;0;0;2;0;26;0;1;0;0;1;0;0;0;0;0;1;0;0;1;0;0;0;0;;;
AUSTRIJA;3;;19;19;18;1;0;0;0;0;0;15;0;0;0;0;1;0;0;0;0;0;0;0;0;0;2;0;0;0;;;
AUSTRIJA;4;;19;19;19;0;0;0;0;0;0;19;0;0;0;0;0;0;0;0;0;0;0;0;0;0;0;0;0;0;;;
AUSTRIJA;5;;33;33;33;0;0;0;0;0;0;29;0;0;1;0;2;0;0;0;0;0;1;0;0;0;0;0;0;0;;;
AUSTRIJA;6;;5;5;5;0;0;0;0;0;0;4;0;0;0;0;1;0;0;0;0;0;0;0;0;0;0;0;0;0;;;
AUSTRIJA;7;;54;54;53;1;0;0;0;0;0;49;0;0;0;0;0;0;0;0;0;0;2;0;0;0;2;0;0;0;;;
AUSTRIJA;8;;8;8;8;0;0;0;0;0;0;5;0;0;0;0;0;0;0;0;0;0;0;0;0;0;3;0;0;0;;;
BELGIJA;1;;20;20;20;0;0;0;0;0;0;3;0;0;0;0;1;0;1;0;0;0;1;0;0;0;13;1;0;0;;;
BOSNA I HERCEGOVINA;1;;0;0;0;0;0;0;0;0;0;0;0;0;0;0;0;0;0;0;0;0;0;0;0;0;0;0;0;0;;;
BOSNA I HERCEGOVINA;2;;4;4;4;0;0;0;0;0;0;3;0;0;0;0;0;0;0;0;0;0;0;0;0;0;1;0;0;0;;;
BOSNA I HERCEGOVINA;3;;5;5;5;0;0;0;0;0;0;0;0;0;0;0;0;0;0;0;0;0;0;0;0;0;5;0;0;0;;;
BOSNA I HERCEGOVINA;4;;0;0;0;0;0;0;0;0;0;0;0;0;0;0;0;0;0;0;0;0;0;0;0;0;0;0;0;0;;;
BOSNA I HERCEGOVINA;5;;0;0;0;0;0;0;0;0;0;0;0;0;0;0;0;0;0;0;0;0;0;0;0;0;0;0;0;0;;;
BOSNA I HERCEGOVINA;6;;2;2;2;0;0;0;0;0;0;2;0;0;0;0;0;0;0;0;0;0;0;0;0;0;0;0;0;0;;;
BOSNA I HERCEGOVINA;7;;0;0;0;0;0;0;0;0;0;0;0;0;0;0;0;0;0;0;0;0;0;0;0;0;0;0;0;0;;;
BOSNA I HERCEGOVINA;8;;0;0;0;0;0;0;0;0;0;0;0;0;0;0;0;0;0;0;0;0;0;0;0;0;0;0;0;0;;;
BOSNA I HERCEGOVINA;9;;0;0;0;0;0;0;0;0;0;0;0;0;0;0;0;0;0;0;0;0;0;0;0;0;0;0;0;0;;;
BOSNA I HERCEGOVINA;10;;1;1;1;0;0;0;0;0;0;1;0;0;0;0;0;0;0;0;0;0;0;0;0;0;0;0;0;0;;;
BOSNA I HERCEGOVINA;11;;0;0;0;0;0;0;0;0;0;0;0;0;0;0;0;0;0;0;0;0;0;0;0;0;0;0;0;0;;;
BOSNA I HERCEGOVINA;12;;0;0;0;0;0;0;0;0;0;0;0;0;0;0;0;0;0;0;0;0;0;0;0;0;0;0;0;0;;;
BOSNA I HERCEGOVINA;13;;0;0;0;0;0;0;0;0;0;0;0;0;0;0;0;0;0;0;0;0;0;0;0;0;0;0;0;0;;;
BOSNA I HERCEGOVINA;14;;2;2;2;0;0;0;0;0;0;2;0;0;0;0;0;0;0;0;0;0;0;0;0;0;0;0;0;0;;;
BOSNA I HERCEGOVINA;15;;4;4;4;0;0;0;0;0;0;4;0;0;0;0;0;0;0;0;0;0;0;0;0;0;0;0;0;0;;;
BOSNA I HERCEGOVINA;16;;0;0;0;0;0;0;0;0;0;0;0;0;0;0;0;0;0;0;0;0;0;0;0;0;0;0;0;0;;;
BOSNA I HERCEGOVINA;17;;1;1;1;0;0;0;0;0;0;1;0;0;0;0;0;0;0;0;0;0;0;0;0;0;0;0;0;0;;;
BOSNA I HERCEGOVINA;18;;6;6;6;0;0;0;0;0;0;6;0;0;0;0;0;0;0;0;0;0;0;0;0;0;0;0;0;0;;;
BOSNA I HERCEGOVINA;19;;1;1;1;0;0;0;0;0;0;1;0;0;0;0;0;0;0;0;0;0;0;0;0;0;0;0;0;0;;;
BOSNA I HERCEGOVINA;20;;3;3;3;0;0;0;0;0;0;3;0;0;0;0;0;0;0;0;0;0;0;0;0;0;0;0;0;0;;;
BOSNA I HERCEGOVINA;21;;4;4;4;0;0;0;0;0;0;4;0;0;0;0;0;0;0;0;0;0;0;0;0;0;0;0;0;0;;;
BOSNA I HERCEGOVINA;22;;1;1;1;0;0;0;0;0;0;1;0;0;0;0;0;0;0;0;0;0;0;0;0;0;0;0;0;0;;;
BOSNA I HERCEGOVINA;23;;0;0;0;0;0;0;0;0;0;0;0;0;0;0;0;0;0;0;0;0;0;0;0;0;0;0;0;0;;;
BOSNA I HERCEGOVINA;24;;0;0;0;0;0;0;0;0;0;0;0;0;0;0;0;0;0;0;0;0;0;0;0;0;0;0;0;0;;;
BOSNA I HERCEGOVINA;25;;1;1;1;0;0;0;0;0;0;1;0;0;0;0;0;0;0;0;0;0;0;0;0;0;0;0;0;0;;;
BOSNA I HERCEGOVINA;26;;3;3;3;0;0;0;0;0;0;3;0;0;0;0;0;0;0;0;0;0;0;0;0;0;0;0;0;0;;;
BOSNA I HERCEGOVINA;27;;2;2;2;0;0;0;0;0;0;2;0;0;0;0;0;0;0;0;0;0;0;0;0;0;0;0;0;0;;;
BOSNA I HERCEGOVINA;28;;9;9;9;0;0;0;0;1;0;5;0;1;0;0;0;0;0;0;0;0;0;0;0;0;2;0;0;0;;;
BOSNA I HERCEGOVINA;29;;1;1;1;0;0;1;0;0;0;0;0;0;0;0;0;0;0;0;0;0;0;0;0;0;0;0;0;0;;;
BOSNA I HERCEGOVINA;30;;2;2;2;0;0;0;0;0;0;2;0;0;0;0;0;0;0;0;0;0;0;0;0;0;0;0;0;0;;;
BOSNA I HERCEGOVINA;31;;0;0;0;0;0;0;0;0;0;0;0;0;0;0;0;0;0;0;0;0;0;0;0;0;0;0;0;0;;;
BOSNA I HERCEGOVINA;32;;2;2;2;0;0;0;0;0;0;2;0;0;0;0;0;0;0;0;0;0;0;0;0;0;0;0;0;0;;;
BOSNA I HERCEGOVINA;33;;1;1;1;0;0;0;0;0;0;1;0;0;0;0;0;0;0;0;0;0;0;0;0;0;0;0;0;0;;;
BOSNA I HERCEGOVINA;34;;0;0;0;0;0;0;0;0;0;0;0;0;0;0;0;0;0;0;0;0;0;0;0;0;0;0;0;0;;;
BOSNA I HERCEGOVINA;35;;0;0;0;0;0;0;0;0;0;0;0;0;0;0;0;0;0;0;0;0;0;0;0;0;0;0;0;0;;;
BOSNA I HERCEGOVINA;36;;0;0;0;0;0;0;0;0;0;0;0;0;0;0;0;0;0;0;0;0;0;0;0;0;0;0;0;0;;;
BOSNA I HERCEGOVINA;37;;3;3;3;0;0;0;0;0;0;3;0;0;0;0;0;0;0;0;0;0;0;0;0;0;0;0;0;0;;;
BOSNA I HERCEGOVINA;38;;0;0;0;0;0;0;0;0;0;0;0;0;0;0;0;0;0;0;0;0;0;0;0;0;0;0;0;0;;;
BOSNA I HERCEGOVINA;39;;0;0;0;0;0;0;0;0;0;0;0;0;0;0;0;0;0;0;0;0;0;0;0;0;0;0;0;0;;;
BOSNA I HERCEGOVINA;40;;2;2;2;0;0;0;0;0;0;1;0;0;0;0;0;0;0;0;0;0;0;0;0;0;1;0;0;0;;;
BOSNA I HERCEGOVINA;41;;0;0;0;0;0;0;0;0;0;0;0;0;0;0;0;0;0;0;0;0;0;0;0;0;0;0;0;0;;;
BOSNA I HERCEGOVINA;42;;0;0;0;0;0;0;0;0;0;0;0;0;0;0;0;0;0;0;0;0;0;0;0;0;0;0;0;0;;;
BOSNA I HERCEGOVINA;43;;0;0;0;0;0;0;0;0;0;0;0;0;0;0;0;0;0;0;0;0;0;0;0;0;0;0;0;0;;;
BOSNA I HERCEGOVINA;44;;2;2;2;0;0;0;0;0;0;2;0;0;0;0;0;0;0;0;0;0;0;0;0;0;0;0;0;0;;;
BOSNA I HERCEGOVINA;45;;0;0;0;0;0;0;0;0;0;0;0;0;0;0;0;0;0;0;0;0;0;0;0;0;0;0;0;0;;;
BOSNA I HERCEGOVINA;46;;1;1;1;0;0;0;0;0;0;0;0;0;0;0;0;0;0;0;0;1;0;0;0;0;0;0;0;0;;;
BOSNA I HERCEGOVINA;47;;2;2;2;0;0;0;0;0;0;2;0;0;0;0;0;0;0;0;0;0;0;0;0;0;0;0;0;0;;;
BOSNA I HERCEGOVINA;48;;0;0;0;0;0;0;0;0;0;0;0;0;0;0;0;0;0;0;0;0;0;0;0;0;0;0;0;0;;;
BOSNA I HERCEGOVINA;49;;4;4;4;0;0;0;0;0;0;4;0;0;0;0;0;0;0;0;0;0;0;0;0;0;0;0;0;0;;;
BOSNA I HERCEGOVINA;50;;0;0;0;0;0;0;0;0;0;0;0;0;0;0;0;0;0;0;0;0;0;0;0;0;0;0;0;0;;;
BOSNA I HERCEGOVINA;51;;0;0;0;0;0;0;0;0;0;0;0;0;0;0;0;0;0;0;0;0;0;0;0;0;0;0;0;0;;;
BOSNA I HERCEGOVINA;52;;0;0;0;0;0;0;0;0;0;0;0;0;0;0;0;0;0;0;0;0;0;0;0;0;0;0;0;0;;;
BOSNA I HERCEGOVINA;53;;0;0;0;0;0;0;0;0;0;0;0;0;0;0;0;0;0;0;0;0;0;0;0;0;0;0;0;0;;;
BOSNA I HERCEGOVINA;54;;0;0;0;0;0;0;0;0;0;0;0;0;0;0;0;0;0;0;0;0;0;0;0;0;0;0;0;0;;;
BOSNA I HERCEGOVINA;55;;1;1;1;0;0;0;0;0;0;1;0;0;0;0;0;0;0;0;0;0;0;0;0;0;0;0;0;0;;;
BOSNA I HERCEGOVINA;56;;0;0;0;0;0;0;0;0;0;0;0;0;0;0;0;0;0;0;0;0;0;0;0;0;0;0;0;0;;;
BOSNA I HERCEGOVINA;57;;0;0;0;0;0;0;0;0;0;0;0;0;0;0;0;0;0;0;0;0;0;0;0;0;0;0;0;0;;;
BOSNA I HERCEGOVINA;58;;0;0;0;0;0;0;0;0;0;0;0;0;0;0;0;0;0;0;0;0;0;0;0;0;0;0;0;0;;;
BOSNA I HERCEGOVINA;59;;2;2;2;0;0;0;0;0;0;2;0;0;0;0;0;0;0;0;0;0;0;0;0;0;0;0;0;0;;;
BOSNA I HERCEGOVINA;60;;2;2;2;0;0;0;0;0;0;2;0;0;0;0;0;0;0;0;0;0;0;0;0;0;0;0;0;0;;;
BOSNA I HERCEGOVINA;61;;0;0;0;0;0;0;0;0;0;0;0;0;0;0;0;0;0;0;0;0;0;0;0;0;0;0;0;0;;;
BOSNA I HERCEGOVINA;62;;0;0;0;0;0;0;0;0;0;0;0;0;0;0;0;0;0;0;0;0;0;0;0;0;0;0;0;0;;;
BOSNA I HERCEGOVINA;63;;4;4;4;0;0;0;0;0;0;3;0;0;0;0;0;0;0;0;0;0;0;0;0;0;1;0;0;0;;;
BOSNA I HERCEGOVINA;64;;0;0;0;0;0;0;0;0;0;0;0;0;0;0;0;0;0;0;0;0;0;0;0;0;0;0;0;0;;;
BOSNA I HERCEGOVINA;65;;0;0;0;0;0;0;0;0;0;0;0;0;0;0;0;0;0;0;0;0;0;0;0;0;0;0;0;0;;;
BOSNA I HERCEGOVINA;66;;0;0;0;0;0;0;0;0;0;0;0;0;0;0;0;0;0;0;0;0;0;0;0;0;0;0;0;0;;;
BOSNA I HERCEGOVINA;67;;0;0;0;0;0;0;0;0;0;0;0;0;0;0;0;0;0;0;0;0;0;0;0;0;0;0;0;0;;;
BOSNA I HERCEGOVINA;68;;1;1;1;0;0;0;0;0;0;1;0;0;0;0;0;0;0;0;0;0;0;0;0;0;0;0;0;0;;;
BOSNA I HERCEGOVINA;69;;0;0;0;0;0;0;0;0;0;0;0;0;0;0;0;0;0;0;0;0;0;0;0;0;0;0;0;0;;;
BOSNA I HERCEGOVINA;70;;0;0;0;0;0;0;0;0;0;0;0;0;0;0;0;0;0;0;0;0;0;0;0;0;0;0;0;0;;;
BOSNA I HERCEGOVINA;71;;1;1;1;0;0;0;0;0;0;1;0;0;0;0;0;0;0;0;0;0;0;0;0;0;0;0;0;0;;;
BOSNA I HERCEGOVINA;72;;0;0;0;0;0;0;0;0;0;0;0;0;0;0;0;0;0;0;0;0;0;0;0;0;0;0;0;0;;;
BOSNA I HERCEGOVINA;73;;2;2;2;0;0;0;0;0;0;2;0;0;0;0;0;0;0;0;0;0;0;0;0;0;0;0;0;0;;;
BOSNA I HERCEGOVINA;74;;0;0;0;0;0;0;0;0;0;0;0;0;0;0;0;0;0;0;0;0;0;0;0;0;0;0;0;0;;;
BOSNA I HERCEGOVINA;75;;0;0;0;0;0;0;0;0;0;0;0;0;0;0;0;0;0;0;0;0;0;0;0;0;0;0;0;0;;;
BOSNA I HERCEGOVINA;76;;1;1;1;0;0;0;0;0;0;1;0;0;0;0;0;0;0;0;0;0;0;0;0;0;0;0;0;0;;;
BOSNA I HERCEGOVINA;77;;0;0;0;0;0;0;0;0;0;0;0;0;0;0;0;0;0;0;0;0;0;0;0;0;0;0;0;0;;;
BOSNA I HERCEGOVINA;78;;0;0;0;0;0;0;0;0;0;0;0;0;0;0;0;0;0;0;0;0;0;0;0;0;0;0;0;0;;;
BOSNA I HERCEGOVINA;79;;0;0;0;0;0;0;0;0;0;0;0;0;0;0;0;0;0;0;0;0;0;0;0;0;0;0;0;0;;;
BOSNA I HERCEGOVINA;80;;0;0;0;0;0;0;0;0;0;0;0;0;0;0;0;0;0;0;0;0;0;0;0;0;0;0;0;0;;;
BOSNA I HERCEGOVINA;81;;1;1;1;0;0;0;0;0;0;1;0;0;0;0;0;0;0;0;0;0;0;0;0;0;0;0;0;0;;;
BOSNA I HERCEGOVINA;82;;0;0;0;0;0;0;0;0;0;0;0;0;0;0;0;0;0;0;0;0;0;0;0;0;0;0;0;0;;;
BOSNA I HERCEGOVINA;83;;2;2;2;0;0;0;0;0;0;2;0;0;0;0;0;0;0;0;0;0;0;0;0;0;0;0;0;0;;;
BOSNA I HERCEGOVINA;84;;0;0;0;0;0;0;0;0;0;0;0;0;0;0;0;0;0;0;0;0;0;0;0;0;0;0;0;0;;;
BOSNA I HERCEGOVINA;85;;0;0;0;0;0;0;0;0;0;0;0;0;0;0;0;0;0;0;0;0;0;0;0;0;0;0;0;0;;;
BOSNA I HERCEGOVINA;86;;0;0;0;0;0;0;0;0;0;0;0;0;0;0;0;0;0;0;0;0;0;0;0;0;0;0;0;0;;;
BOSNA I HERCEGOVINA;87;;0;0;0;0;0;0;0;0;0;0;0;0;0;0;0;0;0;0;0;0;0;0;0;0;0;0;0;0;;;
BOSNA I HERCEGOVINA;88;;0;0;0;0;0;0;0;0;0;0;0;0;0;0;0;0;0;0;0;0;0;0;0;0;0;0;0;0;;;
BOSNA I HERCEGOVINA;89;;0;0;0;0;0;0;0;0;0;0;0;0;0;0;0;0;0;0;0;0;0;0;0;0;0;0;0;0;;;
BOSNA I HERCEGOVINA;90;;0;0;0;0;0;0;0;0;0;0;0;0;0;0;0;0;0;0;0;0;0;0;0;0;0;0;0;0;;;
BOSNA I HERCEGOVINA;91;;1;1;1;0;0;0;0;0;0;1;0;0;0;0;0;0;0;0;0;0;0;0;0;0;0;0;0;0;;;
BOSNA I HERCEGOVINA;92;;2;2;2;0;0;0;0;0;0;1;0;0;0;0;0;0;0;0;0;0;0;0;0;0;1;0;0;0;;;
BOSNA I HERCEGOVINA;93;;0;0;0;0;0;0;0;0;0;0;0;0;0;0;0;0;0;0;0;0;0;0;0;0;0;0;0;0;;;
BOSNA I HERCEGOVINA;94;;2;2;2;0;0;0;0;0;0;1;1;0;0;0;0;0;0;0;0;0;0;0;0;0;0;0;0;0;;;
BOSNA I HERCEGOVINA;95;;2;2;2;0;0;0;0;0;0;2;0;0;0;0;0;0;0;0;0;0;0;0;0;0;0;0;0;0;;;
BOSNA I HERCEGOVINA;96;;2;2;2;0;0;0;0;0;0;2;0;0;0;0;0;0;0;0;0;0;0;0;0;0;0;0;0;0;;;
BOSNA I HERCEGOVINA;97;;0;0;0;0;0;0;0;0;0;0;0;0;0;0;0;0;0;0;0;0;0;0;0;0;0;0;0;0;;;
BOSNA I HERCEGOVINA;98;;0;0;0;0;0;0;0;0;0;0;0;0;0;0;0;0;0;0;0;0;0;0;0;0;0;0;0;0;;;
BOSNA I HERCEGOVINA;99;;5;5;5;0;0;0;0;0;0;1;0;0;0;0;0;0;0;0;0;0;0;0;0;0;4;0;0;0;;;
BOSNA I HERCEGOVINA;100;;0;0;0;0;0;0;0;0;0;0;0;0;0;0;0;0;0;0;0;0;0;0;0;0;0;0;0;0;;;
BOSNA I HERCEGOVINA;101;;0;0;0;0;0;0;0;0;0;0;0;0;0;0;0;0;0;0;0;0;0;0;0;0;0;0;0;0;;;
BOSNA I HERCEGOVINA;102;;1;1;1;0;0;0;0;0;0;1;0;0;0;0;0;0;0;0;0;0;0;0;0;0;0;0;0;0;;;
BOSNA I HERCEGOVINA;103;;1;1;1;0;0;0;0;0;0;1;0;0;0;0;0;0;0;0;0;0;0;0;0;0;0;0;0;0;;;
BOSNA I HERCEGOVINA;104;;3;3;3;0;0;0;0;0;0;3;0;0;0;0;0;0;0;0;0;0;0;0;0;0;0;0;0;0;;;
BOSNA I HERCEGOVINA;105;;47;47;47;0;0;2;0;0;0;42;0;0;0;0;0;0;0;0;0;0;0;0;0;0;3;0;0;0;;;
BOSNA I HERCEGOVINA;106;;29;29;29;0;0;0;0;0;0;27;0;0;1;0;0;0;0;0;0;0;0;0;0;0;1;0;0;0;;;
BOSNA I HERCEGOVINA;107;;0;0;0;0;0;0;0;0;0;0;0;0;0;0;0;0;0;0;0;0;0;0;0;0;0;0;0;0;;;
BOSNA I HERCEGOVINA;108;;2;2;2;0;0;0;0;0;0;2;0;0;0;0;0;0;0;0;0;0;0;0;0;0;0;0;0;0;;;
BOSNA I HERCEGOVINA;109;;6;6;6;0;0;0;0;0;0;3;0;0;0;0;2;0;0;0;0;0;0;0;0;0;1;0;0;0;;;
BOSNA I HERCEGOVINA;110;;5;5;5;0;0;0;0;0;1;4;0;0;0;0;0;0;0;0;0;0;0;0;0;0;0;0;0;0;;;
BOSNA I HERCEGOVINA;111;;5;5;5;0;0;0;0;0;0;4;0;0;0;0;0;0;0;0;0;0;0;0;0;0;1;0;0;0;;;
BOSNA I HERCEGOVINA;112;;0;0;0;0;0;0;0;0;0;0;0;0;0;0;0;0;0;0;0;0;0;0;0;0;0;0;0;0;;;
BOSNA I HERCEGOVINA;113;;0;0;0;0;0;0;0;0;0;0;0;0;0;0;0;0;0;0;0;0;0;0;0;0;0;0;0;0;;;
BOSNA I HERCEGOVINA;114;;0;0;0;0;0;0;0;0;0;0;0;0;0;0;0;0;0;0;0;0;0;0;0;0;0;0;0;0;;;
BOSNA I HERCEGOVINA;115;;0;0;0;0;0;0;0;0;0;0;0;0;0;0;0;0;0;0;0;0;0;0;0;0;0;0;0;0;;;
BOSNA I HERCEGOVINA;116;;0;0;0;0;0;0;0;0;0;0;0;0;0;0;0;0;0;0;0;0;0;0;0;0;0;0;0;0;;;
BOSNA I HERCEGOVINA;117;;2;2;2;0;0;0;0;0;0;2;0;0;0;0;0;0;0;0;0;0;0;0;0;0;0;0;0;0;;;
BOSNA I HERCEGOVINA;118;;0;0;0;0;0;0;0;0;0;0;0;0;0;0;0;0;0;0;0;0;0;0;0;0;0;0;0;0;;;
BOSNA I HERCEGOVINA;119;;0;0;0;0;0;0;0;0;0;0;0;0;0;0;0;0;0;0;0;0;0;0;0;0;0;0;0;0;;;
BOSNA I HERCEGOVINA;120;;0;0;0;0;0;0;0;0;0;0;0;0;0;0;0;0;0;0;0;0;0;0;0;0;0;0;0;0;;;
BOSNA I HERCEGOVINA;121;;6;6;6;0;0;0;0;0;0;5;1;0;0;0;0;0;0;0;0;0;0;0;0;0;0;0;0;0;;;
BOSNA I HERCEGOVINA;122;;5;5;4;1;0;0;0;0;0;4;0;0;0;0;0;0;0;0;0;0;0;0;0;0;0;0;0;0;;;
BOSNA I HERCEGOVINA;123;;0;0;0;0;0;0;0;0;0;0;0;0;0;0;0;0;0;0;0;0;0;0;0;0;0;0;0;0;;;
BOSNA I HERCEGOVINA;124;;0;0;0;0;0;0;0;0;0;0;0;0;0;0;0;0;0;0;0;0;0;0;0;0;0;0;0;0;;;
BRAZIL;1;;2;2;2;0;0;0;0;0;0;0;0;0;0;0;0;0;0;0;0;0;0;0;0;1;1;0;0;0;;;
BRAZIL;2;;0;0;0;0;0;0;0;0;0;0;0;0;0;0;0;0;0;0;0;0;0;0;0;0;0;0;0;0;;;
BUGARSKA;1;;0;0;0;0;0;0;0;0;0;0;0;0;0;0;0;0;0;0;0;0;0;0;0;0;0;0;0;0;;;
CRNA GORA;1;;2;2;2;0;0;0;0;0;0;0;0;0;0;0;0;0;0;0;0;0;0;0;0;0;2;0;0;0;;;
CRNA GORA;2;;0;0;0;0;0;0;0;0;0;0;0;0;0;0;0;0;0;0;0;0;0;0;0;0;0;0;0;0;;;
CRNA GORA;3;;0;0;0;0;0;0;0;0;0;0;0;0;0;0;0;0;0;0;0;0;0;0;0;0;0;0;0;0;;;
CRNA GORA;4;;2;2;2;0;0;0;0;0;0;2;0;0;0;0;0;0;0;0;0;0;0;0;0;0;0;0;0;0;;;
ÈEŠKA REPUBLIKA;1;;0;0;0;0;0;0;0;0;0;0;0;0;0;0;0;0;0;0;0;0;0;0;0;0;0;0;0;0;;;
ÈILE;1;;0;0;0;0;0;0;0;0;0;0;0;0;0;0;0;0;0;0;0;0;0;0;0;0;0;0;0;0;;;
ÈILE;2;;0;0;0;0;0;0;0;0;0;0;0;0;0;0;0;0;0;0;0;0;0;0;0;0;0;0;0;0;;;
ÈILE;3;;0;0;0;0;0;0;0;0;0;0;0;0;0;0;0;0;0;0;0;0;0;0;0;0;0;0;0;0;;;
DANSKA;1;;0;0;0;0;0;0;0;0;0;0;0;0;0;0;0;0;0;0;0;0;0;0;0;0;0;0;0;0;;;
EGIPAT;1;;1;1;1;0;0;0;0;0;0;0;0;0;0;0;0;0;0;0;0;0;0;0;0;1;0;0;0;0;;;
FINSKA;1;;5;5;5;0;0;1;0;0;0;0;0;0;0;0;0;0;0;0;0;0;0;0;0;0;4;0;0;0;;;
FRANCUSKA;1;;19;19;18;1;0;0;0;0;0;8;0;2;0;0;1;0;0;0;0;0;0;0;0;0;6;0;0;1;;;
FRANCUSKA;2;;0;0;0;0;0;0;0;0;0;0;0;0;0;0;0;0;0;0;0;0;0;0;0;0;0;0;0;0;;;
FRANCUSKA;3;;11;11;10;1;0;0;0;0;0;9;0;0;0;1;0;0;0;0;0;0;0;0;0;0;0;0;0;0;;;
GRÈKA;1;;2;2;2;0;0;0;0;0;0;0;0;0;0;0;0;0;0;0;0;0;0;0;0;1;1;0;0;0;;;
INDIJA;1;;2;2;2;0;0;0;0;0;0;1;0;0;0;0;0;0;0;0;0;0;0;0;0;0;0;0;0;1;;;
INDONEZIJA;1;;0;0;0;0;0;0;0;0;0;0;0;0;0;0;0;0;0;0;0;0;0;0;0;0;0;0;0;0;;;
IRAN;1;;0;0;0;0;0;0;0;0;0;0;0;0;0;0;0;0;0;0;0;0;0;0;0;0;0;0;0;0;;;
IRSKA;1;;8;8;8;0;0;0;0;0;0;3;0;1;0;0;0;0;0;0;0;0;0;0;0;1;3;0;0;0;;;
ITALIJA;1;;19;19;19;0;1;0;0;0;0;11;0;0;0;0;0;0;0;0;0;0;2;0;0;1;3;1;0;0;;;
ITALIJA;2;;35;35;35;0;0;0;0;0;0;11;0;1;1;0;2;0;0;0;0;0;5;0;0;2;13;0;0;0;;;
ITALIJA;3;;12;12;12;0;0;1;0;0;1;4;0;1;0;0;0;0;0;1;0;0;0;0;1;0;3;0;0;0;;;
IZRAEL;1;;2;2;2;0;0;0;0;0;0;0;0;1;0;0;0;0;0;0;0;0;0;0;0;0;1;0;0;0;;;
JAPAN;1;;1;1;1;0;0;0;0;0;0;1;0;0;0;0;0;0;0;0;0;0;0;0;0;0;0;0;0;0;;;
JUŽNOAFRIÈKA REPUBLIKA;1;;3;3;3;0;0;0;0;0;0;2;0;0;1;0;0;0;0;0;0;0;0;0;0;0;0;0;0;0;;;
KANADA;1;;0;0;0;0;0;0;0;0;0;0;0;0;0;0;0;0;0;0;0;0;0;0;0;0;0;0;0;0;;;
KANADA;2;;1;1;1;0;0;0;0;0;0;0;0;0;0;0;0;0;0;0;0;0;0;0;0;0;1;0;0;0;;;
KANADA;3;;2;2;2;0;0;0;0;0;0;1;0;1;0;0;0;0;0;0;0;0;0;0;0;0;0;0;0;0;;;
KANADA;4;;0;0;0;0;0;0;0;0;0;0;0;0;0;0;0;0;0;0;0;0;0;0;0;0;0;0;0;0;;;
KANADA;5;;2;2;2;0;0;0;0;0;0;2;0;0;0;0;0;0;0;0;0;0;0;0;0;0;0;0;0;0;;;
KANADA;6;;20;20;20;0;0;0;0;0;0;15;0;1;0;0;4;0;0;0;0;0;0;0;0;0;0;0;0;0;;;
KANADA;7;;8;8;8;0;0;0;0;0;0;6;0;0;0;0;0;0;0;0;0;0;0;0;0;0;1;0;0;1;;;
KANADA;8;;2;2;2;0;0;0;0;0;0;2;0;0;0;0;0;0;0;0;0;0;0;0;0;0;0;0;0;0;;;
KANADA;9;;0;0;0;0;0;0;0;0;0;0;0;0;0;0;0;0;0;0;0;0;0;0;0;0;0;0;0;0;;;
KINA;1;;0;0;0;0;0;0;0;0;0;0;0;0;0;0;0;0;0;0;0;0;0;0;0;0;0;0;0;0;;;
LIBIJSKA ARAP. DŽAM.;1;;0;0;0;0;0;0;0;0;0;0;0;0;0;0;0;0;0;0;0;0;0;0;0;0;0;0;0;0;;;
MAÐARSKA;1;;2;2;2;0;0;0;0;0;0;2;0;0;0;0;0;0;0;0;0;0;0;0;0;0;0;0;0;0;;;
MAÐARSKA;2;;0;0;0;0;0;0;0;0;0;0;0;0;0;0;0;0;0;0;0;0;0;0;0;0;0;0;0;0;;;
MAKEDONIJA;1;;4;4;4;0;0;0;0;0;0;2;0;0;0;0;0;0;0;0;0;0;1;0;0;0;1;0;0;0;;;
MALEZIJA;1;;1;1;1;0;0;0;0;0;0;0;0;0;0;0;0;0;0;0;0;0;0;0;0;1;0;0;0;0;;;
MAROKO;1;;1;1;1;0;0;0;0;0;0;1;0;0;0;0;0;0;0;0;0;0;0;0;0;0;0;0;0;0;;;
NIZOZEMSKA;1;;13;13;13;0;0;0;0;0;0;6;0;1;0;0;1;0;0;0;0;0;1;0;0;0;3;0;0;1;;;
NORVEŠKA;1;;6;6;6;0;0;0;0;0;0;1;0;3;0;0;0;1;0;0;0;0;0;0;0;0;1;0;0;0;;;
NOVI ZELAND;1;;0;0;0;0;0;0;0;0;0;0;0;0;0;0;0;0;0;0;0;0;0;0;0;0;0;0;0;0;;;
NJEMAÈKA;1;;9;9;9;0;0;0;0;0;0;8;0;0;0;0;0;0;0;0;0;0;0;0;0;0;1;0;0;0;;;
NJEMAÈKA;2;;10;10;10;0;0;0;0;0;0;3;0;0;0;0;0;0;1;0;0;0;0;0;0;0;6;0;0;0;;;
NJEMAÈKA;3;;4;4;4;0;0;0;0;0;0;4;0;0;0;0;0;0;0;0;0;0;0;0;0;0;0;0;0;0;;;
NJEMAÈKA;4;;21;21;21;0;0;0;0;0;0;19;0;0;0;0;2;0;0;0;0;0;0;0;0;0;0;0;0;0;;;
NJEMAÈKA;5;;4;4;4;0;0;0;0;0;0;2;0;0;0;0;0;0;0;0;0;1;1;0;0;0;0;0;0;0;;;
NJEMAÈKA;6;;21;21;21;0;0;0;0;0;0;11;0;0;0;0;0;0;0;0;0;0;0;0;0;1;9;0;0;0;;;
NJEMAÈKA;7;;30;30;29;1;0;0;0;0;0;20;0;0;0;0;6;0;0;0;0;0;0;2;0;1;0;0;0;0;;;
NJEMAÈKA;8;;11;11;11;0;0;0;0;0;0;8;0;0;0;0;0;0;0;0;0;0;0;0;0;0;3;0;0;0;;;
NJEMAÈKA;9;;15;15;15;0;0;0;0;0;0;10;0;0;0;0;1;0;0;0;0;0;0;0;0;0;4;0;0;0;;;
NJEMAÈKA;10;;25;25;25;0;0;0;0;0;0;18;0;0;0;0;1;0;0;0;0;0;1;0;0;1;4;0;0;0;;;
NJEMAÈKA;11;;21;21;21;0;0;0;0;0;0;19;0;0;0;0;0;0;0;0;0;0;0;0;0;0;2;0;0;0;;;
NJEMAÈKA;12;;30;30;30;0;0;0;0;0;0;19;0;2;0;0;0;0;0;0;0;0;1;0;0;0;8;0;0;0;;;
NJEMAÈKA;13;;27;27;27;0;0;0;0;0;0;23;0;1;0;0;1;0;0;0;0;0;0;0;0;1;1;0;0;0;;;
NJEMAÈKA;14;;28;28;27;1;0;0;0;0;0;19;0;3;0;0;0;0;1;0;0;0;0;0;1;1;2;0;0;0;;;
NJEMAÈKA;15;;21;21;21;0;0;1;0;1;1;14;0;1;0;0;0;0;1;0;0;0;0;0;0;0;2;0;0;0;;;
NJEMAÈKA;16;;15;15;15;0;0;0;0;0;0;10;0;0;1;0;0;1;0;0;0;0;0;0;0;2;1;0;0;0;;;
NJEMAÈKA;17;;17;17;17;0;0;0;0;0;0;12;0;0;0;0;1;0;0;0;0;0;1;0;0;0;3;0;0;0;;;
NJEMAÈKA;18;;25;25;25;0;0;0;0;0;0;19;0;0;0;0;2;0;0;0;0;0;0;0;0;0;4;0;0;0;;;
NJEMAÈKA;19;;20;20;20;0;0;0;0;0;0;12;2;0;0;0;0;0;0;0;0;0;0;0;1;1;4;0;0;0;;;
NJEMAÈKA;20;;16;16;16;0;0;0;0;0;0;12;0;0;0;0;2;0;0;0;0;0;0;0;0;0;2;0;0;0;;;
NJEMAÈKA;21;;12;12;12;0;0;0;0;0;0;10;0;0;0;0;0;0;0;0;0;0;0;1;0;0;1;0;0;0;;;
NJEMAÈKA;22;;11;11;11;0;0;0;0;0;0;7;0;0;0;0;2;0;0;0;0;0;1;0;0;0;1;0;0;0;;;
NJEMAÈKA;23;;16;16;16;0;0;0;0;0;0;13;0;0;0;0;1;2;0;0;0;0;0;0;0;0;0;0;0;0;;;
PERU;1;;0;0;0;0;0;0;0;0;0;0;0;0;0;0;0;0;0;0;0;0;0;0;0;0;0;0;0;0;;;
POLJSKA;1;;1;1;1;0;0;0;0;0;0;0;0;1;0;0;0;0;0;0;0;0;0;0;0;0;0;0;0;0;;;
PORTUGAL;1;;2;2;2;0;0;0;0;0;0;0;0;2;0;0;0;0;0;0;0;0;0;0;0;0;0;0;0;0;;;
RUMUNJSKA;1;;3;3;3;0;0;0;0;0;0;0;0;0;0;0;0;0;0;0;0;0;1;0;0;0;2;0;0;0;;;
RUMUNJSKA;2;;0;0;0;0;0;0;0;0;0;0;0;0;0;0;0;0;0;0;0;0;0;0;0;0;0;0;0;0;;;
RUSKA FEDERACIJA;1;;4;4;4;0;0;0;0;0;0;0;0;0;0;0;0;0;0;0;0;0;2;0;0;0;2;0;0;0;;;
SAD;1;;1;1;1;0;0;0;0;0;0;0;0;0;0;0;0;0;0;0;0;0;0;0;0;0;1;0;0;0;;;
SAD;2;;2;2;2;0;0;0;0;0;0;2;0;0;0;0;0;0;0;0;0;0;0;0;0;0;0;0;0;0;;;
SAD;3;;3;3;3;0;0;0;0;0;0;3;0;0;0;0;0;0;0;0;0;0;0;0;0;0;0;0;0;0;;;
SAD;4;;1;1;1;0;0;0;0;0;0;1;0;0;0;0;0;0;0;0;0;0;0;0;0;0;0;0;0;0;;;
SAD;5;;3;3;3;0;0;0;0;0;0;3;0;0;0;0;0;0;0;0;0;0;0;0;0;0;0;0;0;0;;;
SAD;6;;26;25;25;0;0;0;0;0;0;19;0;0;0;0;0;0;0;0;1;0;1;0;0;1;3;0;0;0;;;
SLOVAÈKA REPUBLIKA;1;;2;2;2;0;0;0;0;0;0;1;0;0;0;0;0;0;0;0;0;0;0;0;0;0;1;0;0;0;;;
SLOVENIJA;1;;15;15;15;0;0;0;0;0;0;5;0;3;0;0;0;0;0;0;0;0;0;0;0;0;7;0;0;0;;;
SRBIJA;1;;4;4;4;0;0;0;0;0;0;1;0;1;0;0;0;0;0;0;0;0;0;0;0;0;2;0;0;0;;;
SRBIJA;2;;7;7;7;0;0;0;0;0;0;2;0;0;1;0;0;1;0;0;0;0;0;1;1;1;0;0;0;0;;;
SRBIJA;3;;3;3;3;0;0;0;0;0;0;2;0;0;0;0;0;0;0;0;0;0;0;0;0;1;0;0;0;0;;;
SRBIJA;4;;4;4;4;0;0;0;0;0;0;2;0;0;0;0;0;0;0;0;0;0;0;0;0;1;1;0;0;0;;;
SRBIJA;5;;2;2;2;0;0;0;0;0;0;0;0;0;0;0;0;0;0;0;0;0;0;0;0;0;2;0;0;0;;;
SRBIJA;6;;2;2;2;0;0;0;0;0;0;0;0;0;0;0;0;0;0;0;0;0;1;0;1;0;0;0;0;0;;;
SRBIJA;7;;0;0;0;0;0;0;0;0;0;0;0;0;0;0;0;0;0;0;0;0;0;0;0;0;0;0;0;0;;;
SRBIJA;8;;5;5;5;0;0;0;0;0;0;2;0;0;0;0;0;0;0;0;0;0;0;0;0;0;3;0;0;0;;;
SRBIJA;9;;0;0;0;0;0;0;0;0;0;0;0;0;0;0;0;0;0;0;0;0;0;0;0;0;0;0;0;0;;;
SRBIJA;10;;2;2;1;1;0;0;0;0;0;0;0;0;0;0;0;0;0;0;0;0;0;0;0;0;1;0;0;0;;;
SRBIJA;11;;0;0;0;0;0;0;0;0;0;0;0;0;0;0;0;0;0;0;0;0;0;0;0;0;0;0;0;0;;;
SRBIJA;12;;5;5;5;0;0;0;0;0;0;3;0;0;0;0;0;0;0;0;0;0;0;0;0;0;2;0;0;0;;;
SRBIJA;13;;2;2;2;0;0;0;0;0;0;0;0;0;0;0;0;0;0;0;0;0;0;0;0;0;2;0;0;0;;;
SRBIJA;14;;3;3;3;0;0;0;0;0;0;2;0;0;0;0;0;0;0;0;0;0;0;0;0;0;1;0;0;0;;;
SRBIJA;15;;1;1;1;0;0;0;0;0;0;0;0;0;0;0;0;0;0;0;0;0;1;0;0;0;0;0;0;0;;;
ŠPANJOLSKA;1;;7;7;7;0;0;0;0;0;0;5;0;0;0;0;0;0;0;1;0;0;0;0;0;0;1;0;0;0;;;
ŠPANJOLSKA;2;;3;3;3;0;0;0;0;0;0;1;0;0;0;0;0;0;0;0;0;0;0;0;0;0;1;0;0;1;;;
ŠVEDSKA;1;;7;7;7;0;0;0;0;0;0;0;0;1;0;0;1;0;0;0;0;0;0;0;0;1;4;0;0;0;;;
ŠVEDSKA;2;;10;10;10;0;0;0;0;0;0;7;0;0;0;0;1;0;0;0;0;1;1;0;0;0;0;0;0;0;;;
ŠVEDSKA;3;;16;16;16;0;0;0;0;0;0;9;0;0;0;0;3;0;0;2;0;0;0;0;0;0;1;0;0;1;;;
ŠVICARSKA;1;;49;49;49;0;0;0;0;0;0;32;0;2;0;0;4;0;0;0;0;0;2;3;0;1;4;0;0;1;;;
ŠVICARSKA;2;;20;20;20;0;0;0;0;0;0;12;0;3;0;0;4;0;0;0;0;0;1;0;0;0;0;0;0;0;;;
ŠVICARSKA;3;;8;8;8;0;0;0;0;0;0;3;0;1;0;1;1;0;0;0;0;0;1;0;0;0;1;0;0;0;;;
ŠVICARSKA;4;;74;74;72;2;0;0;1;2;0;57;0;1;0;0;4;0;1;0;0;0;0;0;0;0;6;0;0;0;;;
ŠVICARSKA;5;;73;73;73;0;0;0;1;0;0;55;0;0;0;0;4;0;0;0;0;0;0;0;0;2;10;1;0;0;;;
TURSKA;1;;0;0;0;0;0;0;0;0;0;0;0;0;0;0;0;0;0;0;0;0;0;0;0;0;0;0;0;0;;;
TURSKA;2;;1;1;1;0;0;0;0;0;0;1;0;0;0;0;0;0;0;0;0;0;0;0;0;0;0;0;0;0;;;
UKRAJINA;1;;2;2;2;0;0;0;0;0;0;1;0;0;0;0;0;0;0;0;0;1;0;0;0;0;0;0;0;0;;;
VELIKA BRITANIJA;1;;10;10;10;0;0;0;0;0;0;2;0;1;0;0;0;0;1;0;0;0;0;0;0;0;6;0;0;0;;;
VENECUELA;1;;4;4;4;0;0;0;0;0;0;0;0;0;0;0;0;0;0;0;0;0;0;0;0;0;4;0;0;0;;;
UKUPNO INOZEMSTVO ZA VIII. IJ.;;;1436;1435;1425;10;1;6;2;6;3;979;6;40;6;2;59;5;6;4;1;5;30;7;5;25;217;3;0;7;;;
